Filename,RelFreq NOUN,RelFreq VERB,RelFreq ADJ,RelFreq ADV,Unique PER,Unique LOC,Unique ORG
2017.a2.txt,2159.24,1295.55,944.67,647.77,0,0,0
1098.a2.txt,1946.8,1487.3,773.88,435.31,4,0,2
0130.a2.txt,2019.35,1124.55,713.42,568.32,4,2,0
0182.a2.txt,1760.0,1048.89,906.67,488.89,3,1,7
5030.a2.txt,1986.11,1027.78,902.78,569.44,2,0,0
1032.a2.txt,1551.96,1390.01,472.33,701.75,2,0,0
0188.a2.txt,1788.08,1192.05,966.89,503.31,1,0,1
0202.a2.txt,2293.33,1493.33,853.33,373.33,0,0,1
4011.a2.txt,2319.05,1462.33,649.93,487.44,1,0,2
2015.a2.txt,2112.68,830.99,661.97,323.94,2,0,0
0205.a2.txt,2306.78,1189.06,951.25,523.19,3,0,4
0193.a2.txt,2428.39,1382.32,958.9,473.23,0,1,4
3045.a2.txt,2033.33,1188.89,1011.11,466.67,0,0,1
1056.a2.txt,2013.65,1274.18,739.48,637.09,5,0,2
0140.a2.txt,1984.04,1288.48,923.6,501.71,0,0,0
0133.a2.txt,1984.9,1100.32,1046.39,571.74,0,0,1
5046.a2.txt,1953.69,1403.76,911.72,651.23,0,0,0
1020.a2.txt,1882.05,1370.34,494.36,581.09,0,0,3
4045.a2.txt,1782.44,1100.92,838.79,773.26,0,0,2
3064.a2.txt,2091.5,1150.33,888.89,431.37,0,0,0
2019.a2.txt,1628.66,1579.8,846.91,358.31,2,0,0
2065.a2.txt,2030.39,1174.03,1146.41,621.55,0,0,1
1072.a2.txt,2315.44,973.15,939.6,413.87,0,1,4
1077.a2.txt,1950.89,1132.33,832.2,613.92,4,0,5
0172.a2.txt,2284.91,1198.87,677.01,535.97,2,0,0
5016.a2.txt,1861.2,1340.69,662.46,205.05,0,0,0
0215.a2.txt,1803.28,1543.72,1051.91,505.46,0,0,0
0118.a2.txt,1886.23,1541.92,913.17,464.07,1,0,1
5028.a2.txt,1551.02,1020.41,666.67,653.06,0,1,4
5011.a2.txt,1771.12,1117.17,885.56,722.07,3,1,1
2069.a2.txt,1894.45,1204.33,784.84,595.4,0,0,0
0104.a2.txt,2297.11,1086.66,811.55,371.39,4,0,1
2027.a2.txt,2126.98,1142.86,1000.0,460.32,1,0,0
3037.a2.txt,2470.67,1007.59,1076.6,510.7,2,0,1
0219.a2.txt,1684.07,1396.87,665.8,704.96,0,0,0
1018.a2.txt,2261.19,1209.19,1052.0,411.12,0,0,0
2042.a2.txt,1953.69,1157.74,810.42,593.34,0,0,0
2032.a2.txt,2231.01,1329.11,1060.13,585.44,0,0,0
2048.a2.txt,2004.98,1108.34,784.56,585.31,0,0,2
0128.a2.txt,1987.34,1088.61,810.13,607.59,2,0,1
2060.a2.txt,1824.0,1408.0,752.0,688.0,0,0,1
0163.a2.txt,1889.53,1090.12,1061.05,828.49,0,0,0
4017.a2.txt,2172.37,1003.54,1003.54,791.03,2,0,1
2011.a2.txt,2660.3,900.41,982.26,627.56,0,0,2
0200.a2.txt,1767.61,1421.51,754.02,605.69,0,1,3
1097.a2.txt,2223.65,1156.81,796.92,475.58,1,0,2
0174.a2.txt,2415.87,1237.98,973.56,276.44,0,0,2
1055.a2.txt,1771.43,1457.14,928.57,457.14,0,0,1
0179.a2.txt,2100.84,1274.51,1050.42,420.17,0,0,0
2023.a2.txt,1640.42,1259.84,787.4,433.07,0,1,3
1081.a2.txt,1846.69,1161.44,789.78,441.35,2,0,6
5039.a2.txt,2022.79,1054.13,911.68,470.09,1,1,5
5041.a2.txt,1944.85,1364.3,769.23,449.93,0,0,0
1121.a2.txt,1771.84,1165.05,910.19,582.52,3,0,1
2055.a2.txt,2077.56,1288.09,678.67,387.81,0,0,1
0231.a2.txt,2299.87,1257.94,622.62,470.14,1,0,1
1049.a2.txt,2640.45,1123.6,969.1,477.53,0,0,1
0155.a2.txt,2230.01,1388.5,1248.25,729.31,0,0,1
0131.a2.txt,2469.3,1296.04,654.84,627.56,0,0,1
2064.a2.txt,2306.59,1160.46,644.7,587.39,0,0,1
4002.a2.txt,2404.58,1246.82,699.75,407.12,0,0,0
0146.a2.txt,1722.16,1549.94,734.79,539.61,0,0,0
4004.a2.txt,2409.97,1218.84,761.77,457.06,0,0,0
2045.a2.txt,1966.29,1134.83,1078.65,494.38,1,1,3
0236.a2.txt,1679.79,1233.6,918.64,551.18,0,0,0
0189.a2.txt,1885.14,986.27,836.45,486.89,1,1,1
5007.a2.txt,2240.0,1120.0,880.0,266.67,1,0,0
1060.a2.txt,1513.86,1023.45,831.56,682.3,7,1,3
5038.a2.txt,2122.45,1115.65,1006.8,585.03,1,0,0
3033.a2.txt,2146.07,1438.2,707.87,505.62,2,0,1
4033.a2.txt,1403.73,1503.11,695.65,658.39,0,0,0
0142.a2.txt,2441.27,1215.53,868.23,408.58,0,0,0
2056.a2.txt,1518.8,1293.23,1007.52,706.77,0,0,0
0106.a2.txt,1845.95,1248.34,810.09,597.61,0,1,1
0148.a2.txt,2117.35,1211.73,573.98,471.94,0,5,4
3013.a2.txt,1700.0,1471.43,785.71,328.57,0,0,2
5023.a2.txt,1745.79,1317.0,719.75,750.38,0,0,0
1112.a2.txt,1692.13,1351.35,893.07,669.8,1,0,1
5034.a2.txt,2026.05,1432.71,955.14,549.93,1,0,1
0119.a2.txt,1924.63,1399.73,726.78,444.15,0,0,0
0105.a2.txt,1869.92,1341.46,934.96,623.31,0,0,2
0180.a2.txt,2174.97,1287.97,704.74,668.29,1,0,0
5037.a2.txt,2108.11,1081.08,851.35,581.08,0,0,0
3068.a2.txt,1936.76,1159.42,750.99,553.36,0,1,1
4036.a2.txt,1772.15,1279.89,914.21,1012.66,1,0,1
1092.a2.txt,1619.05,1360.54,625.85,775.51,1,0,2
2022.a2.txt,1580.46,818.97,962.64,387.93,2,0,18
5012.a2.txt,2669.63,1279.2,956.62,634.04,0,0,2
2072.a2.txt,2103.0,1244.64,543.63,643.78,0,0,0
4044.a2.txt,2037.67,1455.48,753.42,530.82,3,0,1
4032.a2.txt,2161.86,1075.39,1031.04,576.5,0,1,1
5032.a2.txt,2307.69,1146.59,928.88,624.09,0,1,0
2038.a2.txt,2250.71,1039.89,1125.36,512.82,1,0,2
1043.a2.txt,1550.07,1412.89,589.85,644.72,0,0,1
0103.a2.txt,2135.28,1352.79,1127.32,437.67,0,0,1
3040.a2.txt,1768.71,1455.78,639.46,612.24,0,0,1
1034.a2.txt,1560.1,1150.9,907.93,511.51,0,0,1
3044.a2.txt,1579.67,1153.85,865.38,494.51,0,1,6
4048.a2.txt,2339.83,974.93,1002.79,571.03,1,0,0
3036.a2.txt,2514.71,1279.41,764.71,411.76,0,0,0
2059.a2.txt,2503.4,1278.91,1074.83,517.01,0,0,3
0110.a2.txt,2458.1,1424.58,628.49,586.59,1,1,1
0143.a2.txt,2200.73,1269.65,1027.81,471.58,0,0,0
0213.a2.txt,1894.33,1559.28,940.72,592.78,0,0,1
1109.a2.txt,2071.1,1313.76,1128.28,340.03,0,0,0
4024.a2.txt,1971.09,1090.67,946.12,670.17,0,0,0
0218.a2.txt,2500.0,1290.76,788.04,366.85,0,0,0
0226.a2.txt,2022.47,1235.96,898.88,632.02,0,0,0
5020.a2.txt,1993.72,1224.49,973.31,533.75,0,0,0
4029.a2.txt,2064.9,1312.68,589.97,442.48,1,0,2
0107.a2.txt,1750.63,1460.96,818.64,591.94,2,0,3
0235.a2.txt,2439.68,1340.48,978.55,522.79,0,0,1
1064.a2.txt,2085.64,1174.03,773.48,773.48,0,0,3
1062.a2.txt,2330.35,1165.17,819.46,499.36,0,0,1
2066.a2.txt,2267.72,1212.6,850.39,598.43,0,0,0
0196.a2.txt,2164.18,1368.16,808.46,348.26,0,0,0
0113.a2.txt,2173.38,1294.26,866.91,695.97,0,0,0
0135.a2.txt,1992.43,1109.71,958.39,554.85,1,0,3
0162.a2.txt,2153.85,1314.69,769.23,391.61,0,0,0
3001.a2.txt,1281.14,1423.49,593.12,533.81,0,0,3
4016.a2.txt,1696.28,1534.73,726.98,403.88,0,0,0
0195.a2.txt,1412.89,1207.13,644.72,548.7,1,4,5
0111.a2.txt,2075.47,1509.43,550.31,738.99,0,0,0
2070.a2.txt,1747.7,1235.22,827.86,473.06,1,1,2
4018.a2.txt,1884.06,1278.0,658.76,527.01,0,0,1
0156.a2.txt,1974.92,1191.22,768.03,564.26,1,0,0
5021.a2.txt,2086.05,1316.82,704.04,521.51,0,0,0
1074.a2.txt,2139.64,1193.69,968.47,551.8,0,0,0
1005.a2.txt,1863.35,1086.96,1097.31,631.47,4,0,1
0237.a2.txt,2063.95,784.88,668.6,392.44,3,0,4
0157.a2.txt,1284.77,1562.91,556.29,649.01,0,0,2
2016.a2.txt,2276.79,1324.4,803.57,565.48,0,0,3
2061.a2.txt,2339.79,1073.03,968.7,655.74,0,0,0
4015.a2.txt,2577.46,1169.01,943.66,478.87,0,0,2
0159.a2.txt,1986.75,1165.56,913.91,821.19,0,0,0
1016.a2.txt,1779.05,1449.07,674.32,545.19,0,0,1
5036.a2.txt,2318.84,1144.93,971.01,318.84,0,0,0
2074.a2.txt,2212.16,1034.93,1021.99,556.27,2,1,7
2075.a2.txt,2253.36,1008.97,1098.65,571.75,1,0,1
0186.a2.txt,1809.39,1464.09,704.42,718.23,0,0,0
4020.a2.txt,1787.79,1075.58,843.02,537.79,4,0,3
0168.a2.txt,2602.59,1457.88,896.33,496.76,2,3,0
5010.a2.txt,1688.03,993.59,844.02,737.18,2,2,6
4028.a2.txt,2046.07,1395.66,772.36,623.31,1,0,1
5044.a2.txt,2957.14,1300.0,671.43,457.14,0,0,0
1070.a2.txt,2028.24,1232.35,680.36,590.5,0,1,1
1078.a2.txt,1239.55,1309.19,752.09,584.96,0,0,2
2014.a2.txt,2236.15,1274.82,940.44,606.06,0,1,3
1008.a2.txt,1984.23,1248.36,735.87,551.91,0,0,1
1003.a2.txt,1953.88,1177.18,910.19,424.76,3,0,1
0138.a2.txt,1994.46,1357.34,789.47,484.76,0,0,1
4009.a2.txt,1843.0,1319.68,546.08,409.56,0,0,0
2049.a2.txt,1798.11,1188.22,609.88,715.04,0,1,2
5024.a2.txt,1699.25,977.44,766.92,691.73,2,1,5
1099.a2.txt,2258.06,1204.3,569.89,526.88,3,0,0
0127.a2.txt,2128.33,1236.31,892.02,766.82,1,1,1
1029.a2.txt,2330.51,1031.07,819.21,451.98,0,0,2
4039.a2.txt,1672.79,1305.15,680.15,459.56,2,0,0
3018.a2.txt,2112.02,1260.21,1108.52,653.44,1,0,2
0187.a2.txt,1914.06,1132.81,1002.6,416.67,3,0,0
0238.a2.txt,2027.59,1406.9,634.48,551.72,0,0,0
4021.a2.txt,1814.46,1391.54,627.56,572.99,0,0,1
0175.a2.txt,1909.96,1459.75,668.49,463.85,0,0,1
0171.a2.txt,1936.34,1127.32,848.81,490.72,0,0,1
1023.a2.txt,2124.14,1172.41,882.76,896.55,2,0,0
3072.a2.txt,2058.82,1090.69,906.86,674.02,1,0,0
1026.a2.txt,1627.32,1526.14,666.1,311.97,0,0,1
0227.a2.txt,2051.92,988.88,1063.04,593.33,0,1,0
5047.a2.txt,2164.18,1318.41,708.96,572.14,0,0,0
0150.a2.txt,1766.38,1509.97,698.01,498.58,0,0,0
4041.a2.txt,1900.12,1595.62,706.46,450.67,0,0,0
0209.a2.txt,2510.07,966.44,818.79,295.3,2,0,0
1019.a2.txt,2536.51,799.39,1222.14,376.63,1,1,1
0201.a2.txt,1613.39,928.46,837.14,365.3,0,0,6
3026.a2.txt,2465.75,1221.46,696.35,502.28,0,0,1
1106.a2.txt,2206.06,1006.06,884.85,618.18,3,1,7
0207.a2.txt,1940.09,1340.94,756.06,513.55,0,0,0
0167.a2.txt,1949.75,1045.23,924.62,673.37,0,0,1
4010.a2.txt,2158.18,1166.22,1099.2,536.19,0,0,0
1068.a2.txt,1722.3,1148.2,1001.34,373.83,0,1,10
2000.a2.txt,2173.25,1337.39,1063.83,303.95,5,0,2
1002.a2.txt,1911.57,1443.43,689.21,442.13,0,0,2
5026.a2.txt,1840.73,1122.72,900.78,665.8,0,1,7
1102.a2.txt,2072.54,1321.24,803.11,518.13,0,2,0
2005.a2.txt,2278.79,1321.21,800.0,521.21,1,0,2
0178.a2.txt,2166.67,1244.44,1055.56,777.78,1,0,0
0197.a2.txt,2063.49,1067.82,851.37,678.21,1,0,0
0137.a2.txt,1853.79,1344.65,652.74,652.74,0,0,1
2067.a2.txt,1477.9,1464.09,953.04,414.36,0,0,0
1031.a2.txt,2424.24,1131.31,787.88,363.64,0,0,2
4027.a2.txt,2300.1,1026.65,1046.4,493.58,0,0,1
0222.a2.txt,2175.79,1311.24,691.64,446.69,2,6,2
1022.a2.txt,2396.37,1398.96,582.9,427.46,0,1,0
0216.a2.txt,1801.01,1234.26,1032.75,289.67,0,0,1
1013.a2.txt,1860.16,1213.72,897.1,633.25,0,0,1
1058.a2.txt,2451.3,1363.64,925.32,730.52,0,0,4
2034.a2.txt,2294.87,1025.64,935.9,743.59,2,0,1
4013.a2.txt,2233.68,1248.57,904.93,458.19,2,0,0
0122.a2.txt,2000.0,1157.89,781.95,511.28,1,0,4
5049.a2.txt,2006.08,1276.6,729.48,759.88,0,2,1
0161.a2.txt,2328.59,1254.85,750.32,582.15,0,1,5
3020.a2.txt,2322.83,997.38,826.77,367.45,2,1,0
1014.a2.txt,2042.25,1408.45,901.41,450.7,1,0,0
0109.a2.txt,1802.07,1344.17,694.24,413.59,2,0,2
0136.a2.txt,2201.09,1304.35,951.09,339.67,0,0,0
2062.a2.txt,1757.96,1299.36,738.85,713.38,1,0,0
2030.a2.txt,1596.96,1622.31,506.97,659.06,0,0,0
5031.a2.txt,2550.04,1105.31,791.99,731.07,0,0,0
2068.a2.txt,2071.71,1235.06,650.73,756.97,1,0,0
1104.a2.txt,2163.98,1209.68,913.98,456.99,1,0,0
4019.a2.txt,1693.99,1612.02,860.66,587.43,0,0,0
1039.a2.txt,990.5,1981.0,542.74,854.82,0,0,2
4040.a2.txt,1891.89,1209.1,583.21,497.87,1,0,0
5001.a2.txt,2067.45,821.11,879.77,630.5,5,0,1
5018.a2.txt,1918.53,1222.08,919.84,683.31,0,0,0
1036.a2.txt,1831.28,1378.6,534.98,617.28,0,1,1
5013.a2.txt,1819.76,1247.83,831.89,589.25,5,1,1
4003.a2.txt,1988.95,1477.9,593.92,469.61,0,0,0
0206.a2.txt,2057.14,1185.71,785.71,614.29,1,1,0
3041.a2.txt,2426.19,1193.84,693.2,295.25,1,1,2
0149.a2.txt,2147.53,1344.54,700.28,765.64,0,0,4
3003.a2.txt,2328.93,1080.43,1236.49,468.19,0,0,2
4037.a2.txt,2438.69,1117.17,653.95,272.48,0,0,0
2021.a2.txt,2045.76,1170.93,1076.72,780.62,0,0,0
0234.a2.txt,2203.39,1031.07,1031.07,692.09,2,0,2
0208.a2.txt,1862.35,1457.49,819.84,617.41,5,0,0
0204.a2.txt,2087.23,1199.38,700.93,482.87,0,1,1
1048.a2.txt,2257.73,1237.11,762.89,484.54,0,0,1
0221.a2.txt,2335.77,1138.69,554.74,350.36,0,0,2
3067.a2.txt,2066.12,1198.35,798.9,385.67,1,1,0
4014.a2.txt,2289.16,977.24,883.53,535.48,1,0,4
3035.a2.txt,1918.32,1336.63,804.46,433.17,0,0,4
3028.a2.txt,2484.94,873.49,903.61,481.93,1,0,3
5005.a2.txt,1879.02,1209.78,669.24,489.06,0,0,0
1007.a2.txt,2148.34,1355.5,639.39,434.78,0,0,3
0121.a2.txt,2209.6,833.33,808.08,454.55,2,3,1
0100.a2.txt,2235.29,1385.62,849.67,379.08,1,0,2
2057.a2.txt,1914.56,1218.35,775.32,632.91,0,1,0
1100.a2.txt,1975.14,1464.09,759.67,621.55,1,1,1
1061.a2.txt,1623.62,1439.11,799.51,627.31,0,0,0
2046.a2.txt,2618.45,1172.07,1321.7,324.19,0,0,1
1021.a2.txt,1868.42,1157.89,802.63,394.74,2,0,1
1088.a2.txt,2141.03,1269.23,1064.1,512.82,0,0,0
1057.a2.txt,1360.72,1309.37,757.38,474.97,1,0,0
2050.a2.txt,2552.3,1101.81,1032.08,418.41,0,0,2
1065.a2.txt,1877.55,1255.1,857.14,826.53,1,0,0
0198.a2.txt,1984.62,1092.31,846.15,384.62,1,0,0
5042.a2.txt,2421.05,1223.68,815.79,355.26,0,0,0
5002.a2.txt,1612.9,1350.06,704.9,549.58,0,1,1
2071.a2.txt,1596.75,1691.47,622.46,473.61,0,0,0
1017.a2.txt,1982.84,981.89,1058.15,552.91,3,2,6
3063.a2.txt,1889.57,1104.29,981.6,588.96,1,1,3
4035.a2.txt,2307.69,1342.38,769.23,723.98,0,0,2
0185.a2.txt,1927.71,1258.37,655.96,495.31,0,1,0
2063.a2.txt,1780.37,1264.56,1031.61,715.47,0,0,0
1050.a2.txt,2078.09,1007.56,1032.75,566.75,1,0,0
0214.a2.txt,2100.63,1056.6,955.97,654.09,1,1,1
3065.a2.txt,2514.71,1264.71,1073.53,573.53,1,0,0
1044.a2.txt,1734.91,1002.16,937.5,786.64,3,1,2
0165.a2.txt,2272.73,1103.9,876.62,535.71,2,1,1
4005.a2.txt,2516.27,1106.29,1149.67,455.53,0,0,1
1094.a2.txt,1796.25,1434.32,764.08,710.46,0,0,0
2009.a2.txt,2101.45,1130.43,985.51,376.81,0,0,1
0223.a2.txt,2104.66,1114.9,1069.4,284.41,0,2,3
0115.a2.txt,2357.04,1394.7,739.19,697.35,0,0,1
5014.a2.txt,1890.76,1386.55,588.24,448.18,0,0,0
3023.a2.txt,1851.35,1418.92,716.22,500.0,0,0,0
2031.a2.txt,1978.02,1147.74,1050.06,683.76,0,0,1
4043.a2.txt,1452.51,1382.68,963.69,824.02,0,0,0
5027.a2.txt,1525.66,1206.66,748.96,513.18,0,0,0
0190.a2.txt,1412.1,1541.79,605.19,749.28,0,0,0
2024.a2.txt,1912.18,1430.59,1104.82,552.41,0,0,1
1012.a2.txt,2090.16,1215.85,1024.59,478.14,0,0,1
2026.a2.txt,1949.93,1225.3,698.29,487.48,0,0,2
2058.a2.txt,2311.69,1103.9,857.14,597.4,1,0,2
5040.a2.txt,2199.45,1284.15,669.4,587.43,0,0,2
2035.a2.txt,1816.09,1356.32,850.57,586.21,1,0,0
4022.a2.txt,2132.35,1411.76,632.35,470.59,0,0,0
4006.a2.txt,2300.14,1107.99,1037.87,434.78,0,0,1
2041.a2.txt,1828.57,928.57,928.57,328.57,0,1,5
1067.a2.txt,2589.53,1404.96,1143.25,509.64,0,0,2
0102.a2.txt,2002.62,1243.46,706.81,746.07,0,1,1
4008.a2.txt,1715.77,1265.16,727.9,866.55,0,0,0
1103.a2.txt,1992.14,1271.3,720.84,668.41,0,0,0
5048.a2.txt,1754.39,1430.5,634.28,620.78,0,0,0
1010.a2.txt,2183.17,1086.26,1033.01,511.18,0,1,2
2013.a2.txt,2365.89,990.37,921.6,687.76,0,0,1
1006.a2.txt,1921.98,1217.89,818.27,513.8,1,0,2
0199.a2.txt,2061.17,1183.51,944.15,385.64,0,0,0
5006.a2.txt,2295.6,1132.08,1430.82,361.64,0,0,3
4026.a2.txt,2281.62,1029.99,938.72,495.44,4,1,1
5022.a2.txt,2045.78,1001.43,1087.27,600.86,0,0,0
1041.a2.txt,1927.37,1592.18,726.26,544.69,2,0,3
0120.a2.txt,1989.1,1280.65,803.81,572.21,0,3,0
5025.a2.txt,2017.67,1134.02,706.92,736.38,4,0,0
0177.a2.txt,1716.13,1135.48,954.84,658.06,0,1,1
1095.a2.txt,2048.85,1560.38,664.86,447.76,0,0,0
0101.a2.txt,2288.98,1058.66,615.16,801.14,0,0,0
5045.a2.txt,2208.67,1097.56,934.96,474.25,1,9,4
5017.a2.txt,2045.45,1243.32,1109.63,695.19,2,0,0
4025.a2.txt,2024.35,1248.1,821.92,791.48,0,0,0
0203.a2.txt,1881.58,1026.32,1131.58,644.74,0,0,1
2047.a2.txt,2356.09,1097.72,1365.46,401.61,0,0,2
0139.a2.txt,1933.14,1293.6,799.42,625.0,0,0,0
2044.a2.txt,1528.15,1286.86,817.69,361.93,3,1,2
0224.a2.txt,1882.95,1195.93,496.18,394.4,4,0,1
0194.a2.txt,2087.31,1255.12,1009.55,409.28,0,0,2
2020.a2.txt,2636.99,821.92,1301.37,359.59,0,0,2
4001.a2.txt,1891.89,1459.46,770.27,540.54,0,0,0
2039.a2.txt,2219.42,1235.81,920.55,668.35,0,1,0
1009.a2.txt,2217.9,1309.99,765.24,350.19,0,2,0
2018.a2.txt,2600.26,1177.23,1138.42,478.65,2,0,1
4042.a2.txt,2169.01,1253.52,647.89,309.86,0,0,0
5008.a2.txt,2378.85,1174.74,1042.58,499.27,0,0,0
1069.a2.txt,2361.62,984.01,885.61,615.01,3,0,6
4023.a2.txt,1623.93,1552.71,584.05,527.07,0,0,0
1090.a2.txt,2135.71,1323.69,667.41,556.17,0,0,2
5029.a2.txt,2098.59,1352.11,746.48,521.13,1,0,1
3062.a2.txt,1941.62,1395.94,621.83,482.23,0,0,0
5003.a2.txt,2098.95,1184.41,1139.43,719.64,0,0,1
0112.a2.txt,2460.53,1144.74,868.42,539.47,0,0,1
0232.a2.txt,1700.68,1360.54,761.9,775.51,0,0,0
4012.a2.txt,2141.92,1287.78,880.42,446.78,0,0,1
5033.a2.txt,1705.64,1458.05,646.49,508.94,0,0,1
2007.a2.txt,1988.02,1125.75,994.01,491.02,5,0,5
2040.a2.txt,2124.22,1217.39,795.03,447.2,6,0,2
0134.a2.txt,1925.13,895.72,1029.41,802.14,0,0,0
0125.a2.txt,1971.38,1271.86,1271.86,461.05,0,0,1
3042.a2.txt,1944.06,1314.69,979.02,783.22,0,0,0
2012.a2.txt,2022.79,1282.05,826.21,712.25,0,0,1
0169.a2.txt,1984.48,1230.6,1352.55,576.5,1,0,1
4030.a2.txt,2098.27,1075.7,677.29,823.37,1,0,0
0191.a2.txt,1917.97,1363.09,699.64,518.7,0,0,4
0176.a2.txt,2399.4,1043.22,819.67,476.9,0,0,0
2036.a2.txt,1783.22,1351.98,850.82,547.79,0,0,0
3002.a2.txt,1851.85,1451.85,918.52,548.15,0,0,0
5004.a2.txt,1612.45,1343.71,509.19,438.47,1,0,2
0173.a2.txt,2359.55,898.88,1285.89,511.86,4,0,1
1105.a2.txt,2040.3,1196.47,642.32,591.94,0,0,0
3012.a2.txt,1589.31,1223.63,661.04,576.65,0,0,1
5043.a2.txt,2071.43,1514.29,714.29,785.71,0,0,0
0158.a2.txt,1816.92,1373.09,610.26,776.7,0,0,0
0192.a2.txt,2060.68,1276.86,594.18,682.68,1,0,1
5035.a2.txt,2187.5,1339.29,967.26,803.57,0,0,1
